,Value
548,Accellorize 33110W
549,Acer Liquid E700
550,Acer Liquid Z6
551,Acer M900
552,AGM M1
553,AGM X3
554,AGM X3-JBL
555,Alcatel 991
556,Alcatel A3
557,Alcatel A5 LED
558,Alcatel Fierce XL
559,Alcatel Fire 2 3.5
560,Alcatel Fire C 2G
561,Alcatel Fire C 3G
562,Alcatel Fire E
563,Alcatel Go Play
564,Alcatel Idol 4
565,Alcatel Idol 4S
566,Alcatel Mpop
567,Alcatel OneTouch Fierce 2
568,Alcatel OneTouch Idol 3
569,Alcatel OT-355
570,Alcatel OT-602
571,Alcatel Pixi 3 3.5
572,Alcatel Pixi 3 4
573,Alcatel Pixi 3 4.5
574,Alcatel Pixi 4
575,Alcatel Pixi 4 Plus Power
576,Alcatel Pixi First
577,Alcatel Pop 3 5
578,Alcatel Pop 3 5.5
579,Alcatel Pop 4
580,Alcatel Pop 4Plus
581,Alcatel Pop 4S
582,Alcatel Pop C1
583,Alcatel Pop C3
584,Alcatel Pop C5
585,Alcatel Pop C7
586,Alcatel Pop D1
587,Alcatel Pop D3
588,Alcatel Pop D5
589,Alcatel Pop S3
590,Alcatel Pop S7
591,Alcatel Pop S9
592,Alcatel Pop Star
593,Alcatel Pop Up
594,Alcatel Scribe
595,Alcatel Scribe HD
596,Alcatel Star
597,Alcatel U5
598,Alcatel X1
599,Amazon Fire Phone
600,Apple iPhone (1st Generation)
601,Apple iPhone 3G
602,Apple iPhone 3GS
603,Apple iPhone 4
604,Apple iPhone 4s
605,Apple iPhone 5
606,Apple iPhone 5c
607,Apple iPhone 5s
608,Apple iPhone 6
609,Apple iPhone 6 Plus
610,Apple iPhone 6s
611,Apple iPhone 6s Plus
612,Apple iPhone 7
613,Apple iPhone 7 Plus
614,Apple iPhone 7s
615,Apple iPhone 8
616,Apple iPhone 8 Plus
617,Apple iPhone SE
618,Apple iPhone X
619,Apple iPhone XR
620,Apple iPhone XS
621,Apple iPhone XS Max
622,Archos 50 Neon
623,Archos 50 Platinum
624,ASUS PadFone 2
625,ASUS PadFone S
626,ASUS PadFone X
627,ASUS ROG Phone
628,ASUS ZenFone
629,ASUS ZenFone 2
630,ASUS ZenFone 3
631,ASUS ZenFone 4
632,ASUS ZenFone 5
633,ASUS ZenFone 6
634,Binatone The Brick
635,Binatone The Brick Power Edition
636,BlackBerry 8830 World Edition
637,BlackBerry Bold 9000
638,BlackBerry Bold 9650
639,BlackBerry Bold 9700
640,BlackBerry Bold 9780
641,BlackBerry Bold 9790
642,BlackBerry Bold 9900
643,BlackBerry Bold 9930
644,BlackBerry Classic
645,BlackBerry Curve 8520
646,BlackBerry Curve 8530
647,BlackBerry Curve 8900
648,BlackBerry Curve 9300
649,BlackBerry Curve 9310
650,BlackBerry Curve 9320
651,BlackBerry Curve 9330
652,BlackBerry Curve 9350
653,BlackBerry Curve 9360
654,BlackBerry Curve 9370
655,BlackBerry Curve 9380
656,BlackBerry DTEK50
657,BlackBerry KEY2
658,BlackBerry KEY2 LE
659,BlackBerry KEYone
660,BlackBerry Leap
661,BlackBerry Passport
662,BlackBerry Pearl 9105
663,BlackBerry Porsche P'9981
664,BlackBerry Priv
665,BlackBerry Q10
666,BlackBerry Q20
667,BlackBerry Q5
668,BlackBerry Storm
669,BlackBerry Storm 2
670,BlackBerry Torch 9800
671,BlackBerry Torch 9810
672,BlackBerry Torch 9850
673,BlackBerry Torch 9860
674,BlackBerry X10
675,BlackBerry Z10
676,BlackBerry Z30
677,Blackview A8
678,Blackview BV5000
679,Blackview BV6000
680,BLU Advance 4.0
681,BLU Aria T174i
682,Bluboo Maya
683,Bluboo Xtouch
684,BLU Dash 5.0
685,BLUE C5
686,BLU Grand M2 (2018) G290Q
687,BLU Grand M2 (2018) G291Q
688,BLU Grand Max
689,BLU Life One
690,BLU Life Play
691,BLU Life Pure
692,BLU Life Pure XL
693,BLU Life XL
694,BLU R1 HD
695,BLU Studio 5.0
696,BLU Studio 5.5
697,BLU Studio 6.0
698,BLU Studio 7.0
699,BLU Studio Energy2
700,BLU Studio Mega (2018) S910Q
701,BLU Studio XL
702,BLU Tank II
703,BLU Vivo 5
704,BLU Vivo Air
705,BLU Vivo XL
706,BLU Win HD
707,BLU Z3
708,BQ Aquaris X
709,Casio G'zOne Commando
710,Casio G'zOne Ravine 2
711,CAT B15
712,Cat S30
713,Cat S40
714,CAT S41
715,Cat S50
716,Cat S60
717,Cat S61
718,Cubot Dinosaur
719,Cubot One
720,Cubot P11
721,Cubot P20
722,Cubot P9
723,Cubot Rainbow 2
724,Cubot S600
725,Cubot X18
726,Cubot X18 Plus
727,Cubot X19
728,Cubot X6
729,Cubot Z100
730,Danger Sidekick 3
731,Dell Streak 5
732,Dell Venue Pro
733,Discovery V5
734,Doogee C10
735,Doogee F5
736,Doogee S60
737,Doogee T6
738,Doogee X5 MAX
739,Doogee X5 MAX Pro
740,Doogee X5 Pro
741,Doogie X5
742,Doogie X5 MAX
743,Doogie X5 MAX Pro
744,Doogie X5S
745,Doro 8030
746,Doro HandlePlus 326i
747,Doro HandlePlus 334
748,Doro PhoneEasy 332
749,Doro PhoneEasy 338
750,Doro PhoneEasy 341
751,Doro PhoneEasy 345
752,Doro PhoneEasy 409
753,Doro PhoneEasy 410
754,Doro PhoneEasy 505
755,Doro PhoneEasy 508
756,Doro PhoneEasy 610
757,Doro PhoneEasy 611
758,Doro PhoneEasy 612
759,Doro PhoneEasy 615
760,Doro PhoneEasy 626
761,Doro PhoneEasy 631
762,Doro PhoneEasy 632
763,Elephone
764,Elephone A4 Pro
765,Elephone G7
766,Elephone P2000
767,Elephone P3000S
768,Elephone P6000
769,Elephone P7000
770,Elephone P8000
771,Elephone P9000
772,Elephone PX
773,Elephone S8
774,Elephone Soldier
775,Emporia RL1
776,Ericsson T28
777,F(x)tec Pro 1
778,Fairphone 2
779,Gigaset GS370 PLUS
780,Google Pixel
781,Google Pixel 2
782,Google Pixel 2 XL
783,Google Pixel 3
784,Google Pixel 3 XL
785,Google Pixel XL
786,Goophone I6
787,GT-B7350XKAXEU
788,Homtom HT17
789,Homtom HT3
790,Homtom HT7
791,Honor 10 Lite
792,Honor 7A
793,HP Elite x3
794,HTC 10
795,HTC Amaze 4G
796,HTC Butterfly
797,HTC Butterfly 2
798,HTC Butterfly S
799,HTC ChaCha
800,HTC Desire 10 Pro
801,HTC Desire 12
802,HTC Desire 310
803,HTC Desire 500
804,HTC Desire 510
805,HTC Desire 526
806,HTC Desire 530
807,HTC Desire 610
808,HTC Desire 620
809,HTC Desire 626
810,HTC Desire 626S
811,HTC Desire 650
812,HTC Desire 816
813,HTC Desire 820
814,HTC Desire C
815,HTC Desire EYE
816,HTC Desire HD
817,HTC Desire S
818,HTC Desire V
819,HTC Desire X
820,HTC Desire Z
821,HTC Droid DNA
822,HTC Droid Incredible 2
823,HTC Droid Incredible 4G LTE
824,HTC Evo 3D
825,HTC Evo 4G
826,HTC Evo 4G LTE
827,HTC Evo V 4G
828,HTC Exodus 1
829,HTC Explorer
830,HTC First
831,HTC Flyer
832,HTC HD2
833,HTC HD7
834,HTC Incredible S
835,HTC Inspire 4G
836,HTC Legend
837,HTC Mozart
838,HTC myTouch 3G
839,HTC myTouch 4G
840,HTC Nexus One
841,HTC One
842,HTC One A9
843,HTC One M8
844,HTC One M9
845,HTC One M9+
846,HTC One Max
847,HTC One Mini
848,HTC One Mini 2
849,HTC One S
850,HTC One SV
851,HTC One V
852,HTC One X
853,HTC One X+
854,HTC One X10
855,HTC One XL
856,HTC Radar
857,HTC Rezound
858,HTC Rhyme
859,HTC Sensation XE
860,HTC Sensation XL
861,HTC ThunderBolt
862,HTC Titan
863,HTC Titan II
864,HTC Touch Pro
865,HTC Touch Pro2
866,HTC Trophy
867,HTC U11
868,HTC U11 EYEs
869,HTC U12
870,HTC U12+
871,HTC U Play
872,HTC U Ultra
873,HTC Vivid
874,HTC Wildfire
875,HTC Windows Phone 8S
876,HTC Windows Phone 8X
877,Huawei Ascend
878,Huawei Ascend Mate
879,Huawei Ascend Mate2
880,Huawei Ascend Mate7
881,Huawei Ascend Mate8
882,Huawei Ascend P6
883,Huawei Ascend P7
884,Huawei Ascend Y200
885,Huawei Ascend Y300
886,Huawei Ascend Y330
887,Huawei Ascend Y530
888,Huawei Blaze
889,Huawei G8
890,Huawei G Play Mini
891,Huawei GR5
892,Huawei GX8
893,Huawei Honor 10
894,Huawei Honor 10 Lite
895,Huawei Honor 5C
896,Huawei Honor 5X
897,Huawei Honor 6
898,Huawei Honor 6C
899,Huawei Honor 6 Plus
900,Huawei Honor 6X
901,Huawei Honor 7
902,Huawei Honor 7A
903,Huawei Honor 7X
904,Huawei Honor 8
905,Huawei Honor 8 Pro
906,Huawei Honor 8X
907,Huawei Honor 8X Max
908,Huawei Honor 9
909,Huawei Honor Play
910,Huawei Honor View 10
911,Huawei Honor View 20
912,Huawei Honour
913,Huawei Ideos X3
914,Huawei M735
915,Huawei Mate 10
916,Huawei Mate 10 Lite
917,Huawei Mate 20
918,Huawei Mate 20 lite
919,Huawei Mate 20 Pro
920,Huawei Mate 20 RS Porsche Design
921,Huawei Mate 20 X
922,Huawei Mate 8
923,Huawei Mate 9
924,Huawei Mate 9 Pro
925,Huawei Mate RS Porsche Design
926,Huawei Mate S
927,Huawei Mate SE
928,Huawei Mate X
929,Huawei Nexus 6P
930,Huawei nova
931,Huawei nova 2 Plus
932,Huawei nova 3e
933,Huawei nova Plus
934,Huawei P10
935,Huawei P10 Lite
936,Huawei P10 Plus
937,Huawei P20
938,Huawei P20 Lite
939,Huawei P20 Pro
940,Huawei P30
941,Huawei P30 Lite
942,Huawei P30 Pro
943,Huawei P8
944,Huawei P8 lite
945,Huawei P8 lite (2017)
946,Huawei P9
947,Huawei P9 lite
948,Huawei P9 Plus
949,Huawei P Smart+ (2019)
950,Huawei Y3
951,Huawei Y5
952,Huawei Y5 (2019)
953,Huawei Y6
954,Huawei Y6 (2019)
955,Huawei Y625
956,Huawei Y635
957,Huawei Y7 (2018)
958,Huawei Y7 (2019)
959,Huawei Y9 (2019)
960,Indigi G900
961,Indigi M8
962,iNew V3
963,iPro Q70
964,Iridium 9555
965,JCB Pro Smart
966,JCB Pro Talk
967,JCB Sitemaster
968,JCB Sitemaster 2
969,JCB Sitemaster 3G
970,JCB Tradesman
971,Jiayu G4
972,Jiayu G4S
973,Jiayu G5
974,Jiayu G5S
975,Jiayu S3
976,Kingzone K1
977,Kyocera Brigadier
978,Kyocera DuraForce
979,Kyocera DuraXV LTE
980,Kyocera Echo
981,Kyocera Hydro Wave
982,Kyocera Rio E3100
983,Lava Z60s
984,LEAGOO Elite 5
985,LEAGOO Shark 1
986,Lenovo A1000
987,Lenovo A2010
988,Lenovo A2100
989,Lenovo A5000
990,Lenovo A6000
991,Lenovo A616
992,Lenovo A7000
993,Lenovo A806
994,Lenovo A916
995,Lenovo K3
996,Lenovo K3 Note
997,Lenovo K6
998,Lenovo K900
999,Lenovo P2
1000,Lenovo P70
1001,Lenovo P780
1002,Lenovo S60
1003,Lenovo S860
1004,Lenovo S90
1005,Lenovo Vibe K5
1006,Lenovo Vibe P1
1007,Lenovo Vibe P1m
1008,Lenovo Vibe S1
1009,Lenovo Vibe Shot
1010,Lenovo Vibe X2
1011,Lenovo Vibe X3
1012,Lenovo Vibe Z
1013,Lenovo Vibe Z2 Pro
1014,Lenovo X2
1015,Lenovo ZUK Z2
1016,LG 840G
1017,LG A250 Hornet
1018,LG Aristo 2
1019,LG C1100
1020,LG Chocolate
1021,LG Chocolate Touch
1022,LG Class-LG Zero
1023,LG Cookie
1024,LG Cookie Fresh
1025,LG Cookie Lite
1026,LG Cosmos 3
1027,LG Elite
1028,LG enV3
1029,LG enV Touch
1030,LG Escape 2
1031,LG Escape 3
1032,LG Extravert 2
1033,LG G2
1034,LG G2 mini
1035,LG G3
1036,LG G3 S
1037,LG G3 Stylus
1038,LG G4
1039,LG G5
1040,LG G6
1041,LG G6+
1042,LG G7 Fit
1043,LG G7 ThinQ
1044,LG G8 ThinQ
1045,LG GD580 Lollipop
1046,LG G Flex
1047,LG G Flex 2
1048,LG G Pro 2
1049,LG G Pro Lite
1050,LG G Stylo
1051,LG G Vista
1052,LG G Vista 2
1053,LG GW550
1054,LG GW620
1055,LG Intuition
1056,LG K10
1057,LG K10 (2017)
1058,LG K3
1059,LG K4
1060,LG K7
1061,LG K8
1062,LG KP500
1063,LG KS360
1064,LG Leon
1065,LG Lotus
1066,LG Lucid
1067,LG Mach
1068,LG Neon
1069,LG Nexus 4
1070,LG Nexus 5
1071,LG Nexus 5X
1072,LG Nitro
1073,LG Nitro HD
1074,LG Octane VN530
1075,LG Optimus 2X
1076,LG Optimus 3D
1077,LG Optimus 4X HD
1078,LG Optimus 7 E900
1079,LG Optimus Black
1080,LG Optimus Elite
1081,LG Optimus F3
1082,LG Optimus F6
1083,LG Optimus G
1084,LG Optimus G Pro
1085,LG Optimus L3
1086,LG Optimus L5
1087,LG Optimus L70
1088,LG Optimus L7 P700
1089,LG Optimus L9
1090,LG Optimus L90
1091,LG Optimus Me
1092,LG Optimus Plus
1093,LG Optimus S
1094,LG Optimus Zone
1095,LG Phoenix 2
1096,LG Prada 3.0
1097,LG Q7+
1098,LG Q7+ BTS Edition
1099,LG Q Stylus
1100,LG Quantum
1101,LG Realm
1102,LG Renoir
1103,LG Revere
1104,LG Risio
1105,LG Spectrum
1106,LG Spirit
1107,LG Stylo 2
1108,LG Stylo 2 Plus
1109,LG Stylo 3
1110,LG Stylo 4
1111,LG Stylus 2
1112,LG Transpyre
1113,LG Treasure
1114,LG Tribute
1115,LG Tribute 2
1116,LG Tribute 5
1117,LG Tribute HD
1118,LG Ultimate 2
1119,LG V10
1120,LG V20
1121,LG V30
1122,LG V30+
1123,LG V35 ThinQ
1124,LG V40 ThinQ
1125,LG Viewty Snap
1126,LG Viper
1127,LG Volt
1128,LG VX3200
1129,LG VX6100
1130,LG VX8350
1131,LG X Power1
1132,LG X Power2
1133,LG Xpression
1134,Meizu M1 Note
1135,Meizu M2
1136,Meizu M2 Note
1137,Meizu M3 Note
1138,Meizu MX3
1139,Meizu MX4
1140,Meizu MX4 Pro
1141,Meizu MX5
1142,Meizu PRO 5
1143,Microsoft Lumia 430
1144,Microsoft Lumia 435
1145,Microsoft Lumia 532
1146,Microsoft Lumia 535
1147,Microsoft Lumia 540
1148,Microsoft Lumia 550
1149,Microsoft Lumia 640
1150,Microsoft Lumia 640 XL
1151,Microsoft Lumia 650
1152,Microsoft Lumia 950
1153,Microsoft Lumia 950 XL
1154,Mobistel Cynus T1
1155,Mobistel Cynus T2
1156,Mobistel Cynus T5
1157,Motorola Atrix
1158,Motorola Atrix 2
1159,Motorola Atrix 4G
1160,Motorola Atrix HD
1161,Motorola Barrage V860
1162,Motorola Bravo MB520
1163,Motorola C390
1164,Motorola CHARM
1165,Motorola Citrus WX445
1166,Motorola Defy
1167,Motorola Defy+
1168,Motorola Defy+ JCB Edition
1169,Motorola Defy Mini
1170,Motorola Droid 3
1171,Motorola Droid 4
1172,Motorola Droid Bionic
1173,Motorola Droid Maxx 2
1174,Motorola Droid Mini
1175,Motorola Droid Razr
1176,Motorola Droid Razr HD
1177,Motorola Droid Razr M
1178,Motorola Droid Razr Maxx
1179,Motorola Droid Razr V3
1180,Motorola Droid Turbo
1181,Motorola Droid Turbo 2
1182,Motorola Droid Ultra
1183,Motorola Droid X
1184,Motorola Droid X2
1185,Motorola Electrify
1186,Motorola Electrify 2
1187,Motorola ES400
1188,Motorola Fire
1189,Motorola Flipout
1190,Motorola Gleam
1191,Motorola Gleam Plus
1192,Motorola Milestone 2
1193,Motorola Moto E
1194,Motorola Moto E4
1195,Motorola Moto E4 plus
1196,Motorola Moto E5
1197,Motorola Moto G
1198,Motorola Moto G4
1199,Motorola Moto G4 Plus
1200,Motorola Moto G5
1201,Motorola Moto G5 Plus
1202,Motorola Moto G6
1203,Motorola Moto G6 Plus
1204,Motorola MOTOLUXE
1205,Motorola Moto Maxx
1206,Motorola Moto X 1st Generation
1207,Motorola Moto X 2nd Generation
1208,Motorola Moto X4
1209,Motorola Moto X Force
1210,Motorola Moto X Play
1211,Motorola Moto X Pure Edition
1212,Motorola Moto X Style
1213,Motorola Moto Z
1214,Motorola Moto Z2 Force
1215,Motorola Moto Z2 Play
1216,Motorola Moto Z3
1217,Motorola Moto Z Play
1218,Motorola Nexus 6
1219,Motorola One
1220,Motorola One Power
1221,Motorola Photon 4G
1222,Motorola Photon Q
1223,Motorola Pro Plus
1224,Motorola RAZR
1225,Motorola RAZR i
1226,Motorola RAZR Maxx
1227,Motorola RAZR V3
1228,Motorola RAZR V3i
1229,Motorola RAZR V8
1230,Motorola StarTAC
1231,Motorola Triumph
1232,Motorola Tundra VA76r
1233,Motorola U9
1234,Motorola V600
1235,Motorola W180
1236,Motorola Wilder
1237,Neken N6
1238,Nextbit Robin
1239,Nokia 100
1240,Nokia 105
1241,Nokia 106 (2018)
1242,Nokia 1100
1243,Nokia 1112
1244,Nokia 1208
1245,Nokia 1616
1246,Nokia 1800
1247,Nokia 1 Plus
1248,Nokia 2
1249,Nokia 201
1250,Nokia 210
1251,Nokia 216 Dual
1252,Nokia 2220 Slide
1253,Nokia 230
1254,Nokia 2630
1255,Nokia 2690
1256,Nokia 2720
1257,Nokia 2730 classic
1258,Nokia 2760
1259,Nokia 3
1260,Nokia 3.1
1261,Nokia 3.2
1262,Nokia 301
1263,Nokia 3109
1264,Nokia 3110
1265,Nokia 3210
1266,Nokia 3310
1267,Nokia 3510
1268,Nokia 3710
1269,Nokia 3720 Classic
1270,Nokia 4.2
1271,Nokia 5
1272,Nokia 5.1
1273,Nokia 5.1 Plus
1274,Nokia 500
1275,Nokia 5140
1276,Nokia 5200
1277,Nokia 5210
1278,Nokia 5230
1279,Nokia 5530
1280,Nokia 5800
1281,Nokia 5800 XpressMusic
1282,Nokia 6
1283,Nokia 6.1
1284,Nokia 6020
1285,Nokia 6021
1286,Nokia 6070
1287,Nokia 6111
1288,Nokia 6131
1289,Nokia 6210
1290,Nokia 6220 Classic
1291,Nokia 6230i
1292,Nokia 6233
1293,Nokia 6267
1294,Nokia 6288
1295,Nokia 6300
1296,Nokia 6303c
1297,Nokia 6303i classic
1298,Nokia 6310
1299,Nokia 6310i
1300,Nokia 6500 classic
1301,Nokia 6500 slide
1302,Nokia 6555
1303,Nokia 6600
1304,Nokia 6600 fold
1305,Nokia 6700 classic
1306,Nokia 6700 slide
1307,Nokia 6790 Surge
1308,Nokia 7
1309,Nokia 7.1
1310,Nokia 700
1311,Nokia 701
1312,Nokia 7110
1313,Nokia 7230
1314,Nokia 7610
1315,Nokia 7 Plus
1316,Nokia 8
1317,Nokia 808
1318,Nokia 8110
1319,Nokia 8210
1320,Nokia 8600
1321,Nokia 8800
1322,Nokia 8800 Arte
1323,Nokia 8800 Sirocco
1324,Nokia 8810
1325,Nokia 8850
1326,Nokia 8910
1327,Nokia 8910i
1328,Nokia 8 Sirocco
1329,Nokia 9
1330,Nokia 9210
1331,Nokia 9300
1332,Nokia 9500
1333,Nokia Asha 201
1334,Nokia Asha 300
1335,Nokia Asha 302
1336,Nokia Asha 303
1337,Nokia Asha 311
1338,Nokia C1-01
1339,Nokia C1-02
1340,Nokia C2-00
1341,Nokia C2-01
1342,Nokia C2-02
1343,Nokia C2-05
1344,Nokia C3-00
1345,Nokia C3-01
1346,Nokia C3-01i
1347,Nokia C5-00 5MP
1348,Nokia C5-03
1349,Nokia C6-00
1350,Nokia C6-01
1351,Nokia C7-00
1352,Nokia E50
1353,Nokia E5-00
1354,Nokia E51
1355,Nokia E52
1356,Nokia E6-00
1357,Nokia E65
1358,Nokia E66
1359,Nokia E7
1360,Nokia E71
1361,Nokia E72
1362,Nokia E75
1363,Nokia E90
1364,Nokia E90 Communicator
1365,Nokia Lumia 1020
1366,Nokia Lumia 1320
1367,Nokia Lumia 1520
1368,Nokia Lumia 2520
1369,Nokia Lumia 505
1370,Nokia Lumia 510
1371,Nokia Lumia 520
1372,Nokia Lumia 521
1373,Nokia Lumia 525
1374,Nokia Lumia 530
1375,Nokia Lumia 535
1376,Nokia Lumia 610
1377,Nokia Lumia 620
1378,Nokia Lumia 625
1379,Nokia Lumia 630
1380,Nokia Lumia 635
1381,Nokia Lumia 636
1382,Nokia Lumia 638
1383,Nokia Lumia 640
1384,Nokia Lumia 650
1385,Nokia Lumia 710
1386,Nokia Lumia 720
1387,Nokia Lumia 730
1388,Nokia Lumia 735
1389,Nokia Lumia 800
1390,Nokia Lumia 810
1391,Nokia Lumia 820
1392,Nokia Lumia 822
1393,Nokia Lumia 830
1394,Nokia Lumia 900
1395,Nokia Lumia 920
1396,Nokia Lumia 925
1397,Nokia Lumia 928
1398,Nokia Lumia 930
1399,Nokia Lumia Icon
1400,Nokia N76
1401,Nokia N79
1402,Nokia N8
1403,Nokia N86 8MP
1404,Nokia N9
1405,Nokia N90
1406,Nokia N900
1407,Nokia N91
1408,Nokia N92
1409,Nokia N95
1410,Nokia N97
1411,Nokia N-Gage
1412,Nokia X2-00
1413,Nokia X3-00
1414,Nokia X3-02
1415,Nokia X6
1416,Nokia X7
1417,OnePlus 2
1418,OnePlus 3
1419,OnePlus 3T
1420,OnePlus 5
1421,OnePlus 5T
1422,OnePlus 6
1423,OnePlus 6T
1424,OnePlus 6T McLaren
1425,OnePlus One
1426,OnePlus X
1427,Oppo A73
1428,Oppo F1
1429,Oppo Find 5
1430,Oppo Find 7
1431,Oppo Find X
1432,Oppo R15 Pro
1433,Oppo R5
1434,Oppo R7
1435,Oppo R9
1436,Orange San Diego
1437,Orange San Francisco
1438,Orange SPV M3100
1439,Orbic Slim
1440,Oukitel K10000
1441,Oukitel K4000
1442,Oukitel K4000 Pro
1443,Oukitel K6
1444,Oukitel K6000
1445,Oukitel K6000 Pro
1446,Oukitel U7 Pro
1447,Palm Pre
1448,Palm Treo 750
1449,Palm Treo Pro
1450,Panasonic Eluga
1451,Panasonic VS-100
1452,Pantech Burst
1453,Pantech Discover
1454,Pantech Flex
1455,Pantech Pursuit II (P6010)
1456,Razer Phone 2
1457,RCA M1
1458,RED HYDROGEN One
1459,Samsung A737
1460,Samsung A800
1461,Samsung A867 Eternity
1462,Samsung Ativ S
1463,Samsung B2100
1464,Samsung B2710
1465,Samsung Brightside
1466,Samsung C3050
1467,Samsung C3212
1468,Samsung C3300
1469,Samsung C3350
1470,Samsung Ch@t 222
1471,Samsung Ch@t 335
1472,Samsung Continuum
1473,Samsung Convoy
1474,Samsung Convoy 2
1475,Samsung Convoy 3
1476,Samsung D900
1477,Samsung Diva
1478,Samsung E1080
1479,Samsung E1150
1480,Samsung E1190
1481,Samsung E2121
1482,Samsung E2121B
1483,Samsung E2152
1484,Samsung E250
1485,Samsung E2550 Monte Slide
1486,Samsung E2600
1487,Samsung F480
1488,Samsung Focus
1489,Samsung Focus 2
1490,Samsung Galaxy A3
1491,Samsung Galaxy A3 (2016)
1492,Samsung Galaxy A3 (2017)
1493,Samsung Galaxy A5
1494,Samsung Galaxy A5 (2017)
1495,Samsung Galaxy A50
1496,Samsung Galaxy A6
1497,Samsung Galaxy A7
1498,Samsung Galaxy A7 (2017)
1499,Samsung Galaxy A7 (2018)
1500,Samsung Galaxy A8
1501,Samsung Galaxy A8 (2018)
1502,Samsung Galaxy A8+
1503,Samsung Galaxy A9
1504,Samsung Galaxy Ace
1505,Samsung Galaxy Ace 2
1506,Samsung Galaxy Ace 3
1507,Samsung Galaxy Ace 4
1508,Samsung Galaxy Ace Duos
1509,Samsung Galaxy Ace GT
1510,Samsung Galaxy Ace Plus
1511,Samsung Galaxy Ace S5830
1512,Samsung Galaxy Alpha
1513,Samsung Galaxy Amp 2
1514,Samsung Galaxy Amp Prime
1515,Samsung Galaxy Avant
1516,Samsung Galaxy Beam
1517,Samsung Galaxy Centura
1518,Samsung Galaxy Core
1519,Samsung Galaxy Core Prime
1520,Samsung Galaxy Discover
1521,Samsung Galaxy E5
1522,Samsung Galaxy Europa
1523,Samsung Galaxy Exhibit
1524,Samsung Galaxy Express
1525,Samsung Galaxy Express 3
1526,Samsung Galaxy Express Prime
1527,Samsung Galaxy Fame
1528,Samsung Galaxy Fit
1529,Samsung Galaxy Fold
1530,Samsung Galaxy Gio
1531,Samsung Galaxy Grand
1532,Samsung Galaxy Grand Prime
1533,Samsung Galaxy i7500
1534,Samsung Galaxy J
1535,Samsung Galaxy J1
1536,Samsung Galaxy J1 Mini Prime
1537,Samsung Galaxy J2
1538,Samsung Galaxy J3
1539,Samsung Galaxy J3 (2016)
1540,Samsung Galaxy J3 (2017)
1541,Samsung Galaxy J3 (2018)
1542,Samsung Galaxy J3 Achieve (2018)
1543,Samsung Galaxy J3 Aura
1544,Samsung Galaxy J3 Star
1545,Samsung Galaxy J4
1546,Samsung Galaxy J4 Plus Duos
1547,Samsung Galaxy J5
1548,Samsung Galaxy J5 (2016)
1549,Samsung Galaxy J5 (2017)
1550,Samsung Galaxy J6
1551,Samsung Galaxy J7
1552,Samsung Galaxy J7 (2016)
1553,Samsung Galaxy J7 (2017)
1554,Samsung Galaxy J7 (2018)
1555,Samsung Galaxy J7 Plus
1556,Samsung Galaxy J7 Prime
1557,Samsung Galaxy J7 Pro
1558,Samsung Galaxy J7 Sky Pro
1559,Samsung Galaxy J7 Star
1560,Samsung Galaxy J8
1561,Samsung Galaxy K zoom
1562,Samsung Galaxy Light
1563,Samsung Galaxy M20
1564,Samsung Galaxy Mega
1565,Samsung Galaxy Mega 2
1566,Samsung Galaxy Mini
1567,Samsung Galaxy Mini 2
1568,Samsung Galaxy Nexus
1569,Samsung Galaxy Note
1570,Samsung Galaxy Note 3
1571,Samsung Galaxy Note 3 Neo
1572,Samsung Galaxy Note 4
1573,Samsung Galaxy Note5
1574,Samsung Galaxy Note8
1575,Samsung Galaxy Note9
1576,Samsung Galaxy Note Edge
1577,Samsung Galaxy Note II
1578,Samsung Galaxy On5
1579,Samsung Galaxy Pocket
1580,Samsung Galaxy Prevail
1581,Samsung Galaxy Prevail 2
1582,Samsung Galaxy Prevail LTE
1583,Samsung Galaxy Pro
1584,Samsung Galaxy Proclaim
1585,Samsung Galaxy Ring
1586,Samsung Galaxy Rugby Pro
1587,Samsung Galaxy Rush
1588,Samsung Galaxy S
1589,Samsung Galaxy S10
1590,Samsung Galaxy S10+
1591,Samsung Galaxy S10e
1592,Samsung Galaxy S4
1593,Samsung Galaxy S4 Active
1594,Samsung Galaxy S4 LTE
1595,Samsung Galaxy S4 Mini
1596,Samsung Galaxy S4 mini Duos
1597,Samsung Galaxy S4 Zoom
1598,Samsung Galaxy S5
1599,Samsung Galaxy S5 LTE
1600,Samsung Galaxy S5 Mini
1601,Samsung Galaxy S5 Neo
1602,Samsung Galaxy S6
1603,Samsung Galaxy S6 edge
1604,Samsung Galaxy S6 edge+
1605,Samsung Galaxy S6 Mini
1606,Samsung Galaxy S7
1607,Samsung Galaxy S7 Active
1608,Samsung Galaxy S7 edge
1609,Samsung Galaxy S8
1610,Samsung Galaxy S8+
1611,Samsung Galaxy S8 Active
1612,Samsung Galaxy S9
1613,Samsung Galaxy S9+
1614,Samsung Galaxy S Advance
1615,Samsung Galaxy S Duos
1616,Samsung Galaxy S Epic
1617,Samsung Galaxy S II
1618,Samsung Galaxy S III
1619,Samsung Galaxy S III Mini
1620,Samsung Galaxy S III Neo
1621,Samsung Galaxy S IV
1622,Samsung Galaxy Sol 3
1623,Samsung Galaxy S Plus
1624,Samsung Galaxy Star 2
1625,Samsung Galaxy Stardust
1626,Samsung Galaxy Stellar
1627,Samsung Galaxy S V
1628,Samsung Galaxy Trend
1629,Samsung Galaxy Victory 4G LTE
1630,Samsung Galaxy W
1631,Samsung Galaxy Xcover
1632,Samsung Galaxy Xcover 2
1633,Samsung Galaxy Xcover 3
1634,Samsung Galaxy Xcover 4
1635,Samsung Galaxy Y
1636,Samsung Galaxy Y Duos
1637,Samsung Galaxy Young
1638,Samsung Galaxy Y Pro
1639,Samsung Genio
1640,Samsung Google Nexus S
1641,Samsung I8000 Omnia II
1642,Samsung i927 Captivate Glide
1643,Samsung Illusion
1644,Samsung Infuse
1645,Samsung Instinct
1646,Samsung Intensity II
1647,Samsung Intensity III
1648,Samsung J700
1649,Samsung Mesmerize
1650,Samsung Monte
1651,Samsung Monte Slide
1652,Samsung Nexus S
1653,Samsung Omnia W
1654,Samsung Pusha
1655,Samsung R720 Admire
1656,Samsung Rugby
1657,Samsung Rugby 4
1658,Samsung Rugby III
1659,Samsung Rugby Smart
1660,Samsung S3370
1661,Samsung S3650 Corby
1662,Samsung S5230
1663,Samsung S5230 Design
1664,Samsung S5610
1665,Samsung S8000
1666,Samsung S8300
1667,Samsung SGH-D500
1668,Samsung SGH-i900
1669,Samsung SGH-J700
1670,Samsung SGH-J780
1671,Samsung SGH-N620
1672,Samsung SGH-T100
1673,Samsung SGH-T105G
1674,Samsung Solid Extreme
1675,Samsung Solid Immerse
1676,Samsung Solid Xcover
1677,Samsung Stratosphere
1678,Samsung Stratosphere II
1679,Samsung Tocco
1680,Samsung Tocco Lite
1681,Samsung U820 Reality
1682,Samsung Wave
1683,Samsung Wave 3
1684,Samsung Wave S8500
1685,Sanyo MM-8300
1686,Sanyo SCP-3200
1687,Seals VR7
1688,Sharp Aquos Crystal
1689,Sharp Aquos SH-12C
1690,Siemens SL65
1691,Sirin Labs FINNEY U1
1692,Sky Devices Platinum 5.0Plus
1693,Sonim XP6
1694,Sonim XP8
1695,Sony Ericsson Aino
1696,Sony Ericsson C902
1697,Sony Ericsson C903
1698,Sony Ericsson C905
1699,Sony Ericsson Elm
1700,Sony Ericsson F305
1701,Sony Ericsson K610
1702,Sony Ericsson K800i
1703,Sony Ericsson K850i
1704,Sony Ericsson Live with Walkman
1705,Sony Ericsson Mix Walkman
1706,Sony Ericsson Naite
1707,Sony Ericsson Satio
1708,Sony Ericsson Spiro
1709,Sony Ericsson T303
1710,Sony Ericsson T700
1711,Sony Ericsson TXT
1712,Sony Ericsson Vivaz
1713,Sony Ericsson Vivaz Pro
1714,Sony Ericsson W595
1715,Sony Ericsson W710i
1716,Sony Ericsson W810
1717,Sony Ericsson W810i
1718,Sony Ericsson W850
1719,Sony Ericsson W890i
1720,Sony Ericsson W910i
1721,Sony Ericsson W995
1722,Sony Ericsson Xperia Active
1723,Sony Ericsson Xperia Arc
1724,Sony Ericsson Xperia Arc S
1725,Sony Ericsson Xperia Mini
1726,Sony Ericsson Xperia Mini Pro
1727,Sony Ericsson Xperia Neo
1728,Sony Ericsson Xperia Neo V
1729,Sony Ericsson Xperia Play
1730,Sony Ericsson Xperia Pro
1731,Sony Ericsson Xperia ray
1732,Sony Ericsson Xperia X1
1733,Sony Ericsson Xperia X10
1734,Sony Ericsson Xperia X10 mini
1735,Sony Ericsson Xperia X8
1736,Sony Xperia Active
1737,Sony Xperia Arc S
1738,Sony Xperia C3
1739,Sony Xperia C4
1740,Sony Xperia C5 Ultra
1741,Sony Xperia E
1742,Sony Xperia E1
1743,Sony Xperia E3
1744,Sony Xperia E5
1745,Sony Xperia Go
1746,Sony Xperia ion
1747,Sony Xperia J
1748,Sony Xperia L
1749,Sony Xperia M
1750,Sony Xperia M2
1751,Sony Xperia M2 Dual
1752,Sony Xperia M4 Aqua
1753,Sony Xperia M5
1754,Sony Xperia mini
1755,Sony Xperia miro
1756,Sony Xperia P
1757,Sony Xperia Play
1758,Sony Xperia ray
1759,Sony Xperia S
1760,Sony Xperia SL
1761,Sony Xperia sola
1762,Sony Xperia SP
1763,Sony Xperia T
1764,Sony Xperia T2 Ultra
1765,Sony Xperia tipo
1766,Sony Xperia U
1767,Sony Xperia V
1768,Sony Xperia X
1769,Sony Xperia X10
1770,Sony Xperia XA
1771,Sony Xperia XA1
1772,Sony Xperia XA1 Ultra
1773,Sony Xperia XA2
1774,Sony Xperia XA2 Ultra
1775,Sony Xperia XA Ultra
1776,Sony Xperia X Compact
1777,Sony Xperia X Performance
1778,Sony Xperia XZ
1779,Sony Xperia XZ1 Compact
1780,Sony Xperia XZ2
1781,Sony Xperia XZ2 Compact
1782,Sony Xperia XZ3
1783,Sony Xperia XZ Premium
1784,Sony Xperia Z
1785,Sony Xperia Z1
1786,Sony Xperia Z1 Compact
1787,Sony Xperia Z1s
1788,Sony Xperia Z2
1789,Sony Xperia Z3
1790,Sony Xperia Z3+
1791,Sony Xperia Z3 Compact
1792,Sony Xperia Z4
1793,Sony Xperia Z5
1794,Sony Xperia Z5 Compact
1795,Sony Xperia Z5 Premium
1796,Sony Xperia ZL
1797,Sony Xperia Z Ultra
1798,Telstra Dave
1799,THL T6 Pro
1800,THL W200
1801,THL W200S
1802,Thuraya XT Lite
1803,T-Mobile MDA Compact
1804,T-Mobile MDA Vario
1805,T-Mobile Sidekick
1806,T-Mobile Sidekick 3
1807,Ulefone Future
1808,Ulefone Paris
1809,Ulefone Power
1810,UMIDIGI One Pro
1811,UMi Iron
1812,UMi Iron Pro
1813,UMi Rome
1814,UMi Super
1815,UMi Touch
1816,UMi Zero
1817,Vernee Thor
1818,Vernee X
1819,Vertu Ascent
1820,Vivo V11
1821,VKWORLD S8
1822,Vodafone 340
1823,Vodafone 354
1824,Vodafone 555
1825,Vodafone Smart
1826,Vodafone Smart first 6
1827,Vodafone Smart prime 6
1828,Vodafone Smart ultra 6
1829,Vortex Matrix
1830,Wiko Darkmoon
1831,Wiko Fever
1832,Wiko GETAWAY
1833,Wiko HIGHWAY
1834,Wiko LENNY
1835,Wiko Rainbow
1836,Wiko Ridge 4G
1837,Wiko ROBBY
1838,Wiko SLIDE
1839,Wiko Sunny
1840,Wiko SUNSET
1841,Wileyfox Storm
1842,Wileyfox Swift
1843,Xiaomi Black Shark 2
1844,Xiaomi Mi 2S
1845,Xiaomi Mi 3
1846,Xiaomi Mi 4
1847,Xiaomi Mi 4C
1848,Xiaomi Mi 5
1849,Xiaomi Mi 5s
1850,Xiaomi Mi 6
1851,Xiaomi Mi 8
1852,Xiaomi Mi 8 Explorer Edition
1853,Xiaomi Mi 8 Lite
1854,XIaomi Mi 8 Pro
1855,Xiaomi Mi 9 SE
1856,Xiaomi Mi A1
1857,Xiaomi Mi A2
1858,Xiaomi Mi A2 Lite
1859,Xiaomi Mi Max
1860,Xiaomi Mi Max 2
1861,Xiaomi Mi Max 3
1862,Xiaomi Mi MIX
1863,Xiaomi Mi MIX 18K
1864,Xiaomi Mi MIX2
1865,Xiaomi Mi MIX 2S
1866,Xiaomi Mi MIX 3
1867,Xiaomi Mi Note
1868,Xiaomi Pocophone F1
1869,Xiaomi Redmi 1S
1870,Xiaomi Redmi 2
1871,Xiaomi Redmi 3 Pro
1872,Xiaomi Redmi 3S
1873,Xiaomi Redmi 4
1874,Xiaomi Redmi 4A
1875,Xiaomi Redmi 4X
1876,Xiaomi Redmi 5
1877,Xiaomi Redmi 5 Plus
1878,Xiaomi Redmi 6
1879,Xiaomi Redmi 6A
1880,Xiaomi Redmi 7
1881,Xiaomi Redmi Go
1882,Xiaomi Redmi Note
1883,Xiaomi Redmi Note 2
1884,Xiaomi Redmi Note 3
1885,Xiaomi Redmi Note 3 Pro
1886,Xiaomi Redmi Note 4
1887,Xiaomi Redmi Note 4X
1888,Xiaomi Redmi Note 5
1889,Xiaomi Redmi Note 5 Pro
1890,Xiaomi Redmi Note 6
1891,Xiaomi Redmi Note 6 Pro
1892,Xiaomi Redmi Note 7
1893,YotaPhone 2
1894,Zopo ZP980
1895,Zopo ZP998
1896,ZTE Avid Plus
1897,ZTE Axon
1898,ZTE Axon 7
1899,ZTE Axon 7 Max
1900,ZTE Axon 7 mini
1901,ZTE Axon 9 PRO
1902,ZTE Axon M
1903,ZTE Blade A452
1904,ZTE Blade L3
1905,ZTE Blade S6
1906,ZTE Blade V7
1907,ZTE Blade V7 Lite
1908,ZTE Blade V8
1909,ZTE Blade V9
1910,ZTE Boost Max
1911,ZTE Concord
1912,ZTE Grand X
1913,ZTE Grand X Max
1914,ZTE Lever
1915,ZTE Libra
1916,ZTE Maven
1917,ZTE Nubia Z11
1918,ZTE nubia Z17
1919,ZTE Obsidian
1920,ZTE Open
1921,ZTE Prestige
1922,ZTE Quest N817
1923,ZTE Skate
1924,ZTE Tania
1925,ZTE Tureis
1926,ZTE Warp Elite
1927,ZTE Zmax
1928,ZTE Zmax Pro
1929,ZTE ZMAX z970
